Stage Displacement (mm),Photodiode Voltage (V)
-1.5,4.777777967
-1,4.84690572
-0.5,5.395506186
0,7.187900099
0.5,8.489413807
1,9.268160884
1.5,9.635033302